"city","state","geo.id","peer.1","peer.2","peer.3","peer.4","peer.5"
"Abilene","TX","1600000US4801000","Wichita Falls, TX","Waco, TX","Beaumont, TX","Topeka, KS","Gainesville, FL"
"Akron","OH","1600000US3901000","Richmond (VA), VA","Newport News, VA","Madison, WI","Baton Rouge, LA","Laredo, TX"
"Albuquerque","NM","1600000US3502000","Mesa, AZ","Omaha, NE","Atlanta, GA","Raleigh, NC","El Paso, TX"
"Alexandria","VA","1600000US5101000","Lowell, MA","Wilmington (DE), DE","Allentown, PA","Miami Gardens, FL","Orange, CA"
"Allentown","PA","1600000US4202000","Wilmington (DE), DE","Bridgeport, CT","New Haven, CT","Hartford, CT","Syracuse, NY"
"Amarillo","TX","1600000US4803000","Grand Prairie, TX","Lubbock, TX","Overland Park, KS","Little Rock, AR","Reno, NV"
"Anaheim","CA","1600000US0602000","Honolulu, HI","Minneapolis, MN","St. Paul, MN","Pittsburgh, PA","Buffalo, NY"
"Anchorage","AK","1600000US0203000","Henderson, NV","Bakersfield, CA","Aurora (CO), CO","Wichita, KS","Lexington-Fayette, KY"
"Ann Arbor","MI","1600000US2603000","Hollywood, FL","Escondido, CA","Gresham, OR","Warren, MI","Clearwater, FL"
"Antioch","CA","1600000US0602252","Fairfield, CA","Murrieta, CA","Vallejo, CA","West Jordan, UT","Carrollton, TX"
"Arlington","TX","1600000US4804000","Lincoln, NE","St. Petersburg, FL","Cincinnati, OH","Chandler, AZ","Tampa, FL"
"Arvada","CO","1600000US0803455","Westminster, CO","Thornton, CO","West Jordan, UT","Carrollton, TX","Sterling Heights, MI"
"Atlanta","GA","1600000US1304000","Raleigh, NC","Omaha, NE","Albuquerque, NM","Mesa, AZ","El Paso, TX"
"Aurora (CO)","CO","1600000US0804000","Wichita, KS","Bakersfield, CA","Corpus Christi, TX","Lexington-Fayette, KY","Tulsa, OK"
"Aurora (IL)","IL","1600000US1703012","Pembroke Pines, FL","Fontana, CA","Corona, CA","Santa Rosa, CA","Garland, TX"
"Austin","TX","1600000US4805000","Fort Worth, TX","Indianapolis, IN","Jacksonville, FL","Charlotte, NC","Columbus (OH), OH"
"Bakersfield","CA","1600000US0603526","Aurora (CO), CO","Wichita, KS","Corpus Christi, TX","Lexington-Fayette, KY","Henderson, NV"
"Baltimore","MD","1600000US2404000","Colorado Springs, CO","Kansas City (MO), MO","Memphis, TN","Oklahoma City, OK","Tucson, AZ"
"Baton Rouge","LA","1600000US2205000","Laredo, TX","Akron, OH","Richmond (VA), VA","San Bernardino, CA","Spokane, WA"
"Bayam<U+0086>n","PR","1600000US7206593","Carolina, PR","Hialeah, FL","Providence, RI","Rochester (NY), NY","Pomona, CA"
"Beaumont","TX","1600000US4807000","Waco, TX","Abilene, TX","Wichita Falls, TX","Columbia (MO), MO","Green Bay, WI"
"Bellevue","WA","1600000US5305210","Simi Valley, CA","Centennial, CO","Carlsbad, CA","Roseville, CA","Temecula, CA"
"Berkeley","CA","1600000US0606000","Daly City, CA","Norwalk, CA","Cambridge, MA","Inglewood, CA","El Monte, CA"
"Billings","MT","1600000US3006550","Cheyenne, WY","Fargo, ND","Surprise, AZ","Cedar Rapids, IA","Victorville, CA"
"Birmingham","AL","1600000US0107000","Montgomery, AL","Columbus (GA), GA","Chattanooga, TN","Rockford, IL","Salt Lake City, UT"
"Boise City","ID","1600000US1608830","Vancouver, WA","Salem, OR","Spokane, WA","Fort Collins, CO","Irving, TX"
"Boston","MA","1600000US2507000","Colorado Springs, CO","Kansas City (MO), MO","Memphis, TN","Oklahoma City, OK","Tucson, AZ"
"Bridgeport","CT","1600000US0908000","New Haven, CT","Hartford, CT","Allentown, PA","Wilmington (DE), DE","Syracuse, NY"
"Brownsville","TX","1600000US4810768","Shreveport, LA","Lubbock, TX","Jackson, MS","Mobile, AL","Montgomery, AL"
"Buffalo","NY","1600000US3611000","Pittsburgh, PA","San Juan, PR","St. Paul, MN","Minneapolis, MN","Anaheim, CA"
"Burbank","CA","1600000US0608954","Pasadena (CA), CA","Downey, CA","West Covina, CA","Fullerton, CA","Costa Mesa, CA"
"Burlington","VT","1600000US5010675","Waterbury, CT","Manchester, NH","Portland (ME), ME","Lansing, MI","McAllen, TX"
"Cambridge","MA","1600000US2511000","Berkeley, CA","Daly City, CA","Norwalk, CA","Paterson, NJ","Elizabeth, NJ"
"Cape Coral","FL","1600000US1210275","Port St. Lucie, FL","Tallahassee, FL","Columbus (GA), GA","Huntsville, AL","Des Moines, IA"
"Carlsbad","CA","1600000US0611194","Simi Valley, CA","Temecula, CA","Roseville, CA","Centennial, CO","Bellevue, WA"
"Carolina","PR","1600000US7214290","Bayam<U+0086>n, PR","Hialeah, FL","Providence, RI","Rochester (NY), NY","Pomona, CA"
"Carrollton","TX","1600000US4813024","Thornton, CO","Arvada, CO","Westminster, CO","Elgin, IL","West Jordan, UT"
"Cedar Rapids","IA","1600000US1912000","Davenport, IA","Peoria (IL), IL","Springfield (IL), IL","Murfreesboro, TN","West Palm Beach, FL"
"Centennial","CO","1600000US0812815","Arvada, CO","Westminster, CO","Thornton, CO","Carlsbad, CA","Bellevue, WA"
"Chandler","AZ","1600000US0412000","Arlington, TX","Plano, TX","Lincoln, NE","St. Petersburg, FL","Cincinnati, OH"
"Charleston (SC)","SC","1600000US4513330","Charleston (WV), WV","West Palm Beach, FL","Murfreesboro, TN","Springfield (IL), IL","Norman, OK"
"Charleston (WV)","WV","1600000US5414600","Murfreesboro, TN","Clarksville, TN","Charleston (SC), SC","Davenport, IA","Killeen, TX"
"Charlotte","NC","1600000US3712000","Fort Worth, TX","Indianapolis, IN","Jacksonville, FL","Austin, TX","Columbus (OH), OH"
"Chattanooga","TN","1600000US4714000","Knoxville, TN","Birmingham, AL","Columbus (GA), GA","Shreveport, LA","Salt Lake City, UT"
"Chesapeake","VA","1600000US5116000","Durham, NC","Fayetteville, NC","Winston-Salem, NC","Huntsville, AL","Overland Park, KS"
"Cheyenne","WY","1600000US5613900","Billings, MT","Pueblo, CO","Topeka, KS","Fargo, ND","Lafayette, LA"
"Chicago","IL","1600000US1714000","Dallas, TX","Houston, TX","Phoenix, AZ","San Antonio, TX","San Diego, CA"
"Chula Vista","CA","1600000US0613392","Anchorage, AK","Aurora (CO), CO","Bakersfield, CA","Corpus Christi, TX","Fort Wayne, IN"
"Cincinnati","OH","1600000US3915000","Toledo, OH","Tampa, FL","Lincoln, NE","St. Petersburg, FL","Arlington, TX"
"Clarksville","TN","1600000US4715160","Murfreesboro, TN","Springfield (IL), IL","Peoria (IL), IL","Lafayette, LA","Billings, MT"
"Clearwater","FL","1600000US1212875","Hollywood, FL","Coral Springs, FL","Miramar, FL","Ann Arbor, MI","Warren, MI"
"Cleveland","OH","1600000US3916000","Anchorage, AK","Aurora (CO), CO","Bakersfield, CA","Corpus Christi, TX","Fort Wayne, IN"
"Colorado Springs","CO","1600000US0816000","Oklahoma City, OK","Kansas City (MO), MO","Tucson, AZ","Memphis, TN","Virginia Beach, VA"
"Columbia (MO)","MO","1600000US2915670","Independence, MO","Kansas City (KS), KS","Topeka, KS","Waco, TX","Palm Bay, FL"
"Columbia (SC)","SC","1600000US4516000","Savannah, GA","High Point, NC","Wilmington (NC), NC","South Bend, IN","Wichita Falls, TX"
"Columbus (GA)","GA","1600000US1319000","Montgomery, AL","Birmingham, AL","Tallahassee, FL","Shreveport, LA","Salt Lake City, UT"
"Columbus (OH)","OH","1600000US3918000","Fort Worth, TX","Indianapolis, IN","Jacksonville, FL","Austin, TX","Charlotte, NC"
"Concord","CA","1600000US0616000","San Buenaventura, CA","Kent, WA","Coral Springs, FL","Miramar, FL","Escondido, CA"
"Coral Springs","FL","1600000US1214400","Miramar, FL","San Buenaventura, CA","Concord, CA","Kent, WA","Hollywood, FL"
"Corona","CA","1600000US0616350","Fontana, CA","Santa Rosa, CA","Rancho Cucamonga, CA","Tacoma, WA","Aurora (IL), IL"
"Corpus Christi","TX","1600000US4817000","Wichita, KS","Aurora (CO), CO","Lexington-Fayette, KY","Bakersfield, CA","New Orleans, LA"
"Costa Mesa","CA","1600000US0616532","Fullerton, CA","Downey, CA","West Covina, CA","Pasadena (CA), CA","Burbank, CA"
"Dallas","TX","1600000US4819000","Houston, TX","Phoenix, AZ","San Antonio, TX","San Diego, CA","Los Angeles, CA"
"Daly City","CA","1600000US0617918","Berkeley, CA","Norwalk, CA","Cambridge, MA","Inglewood, CA","El Monte, CA"
"Davenport","IA","1600000US1919000","Cedar Rapids, IA","Peoria (IL), IL","Springfield (IL), IL","Charleston (WV), WV","West Palm Beach, FL"
"Dayton","OH","1600000US3921000","South Bend, IN","High Point, NC","Green Bay, WI","Wilmington (NC), NC","Pueblo, CO"
"Denton","TX","1600000US4819972","Norman, OK","Killeen, TX","Lafayette, LA","Clarksville, TN","Billings, MT"
"Denver","CO","1600000US0820000","Las Vegas, NV","Sacramento, CA","Portland (OR), OR","Fresno, CA","Detroit, MI"
"Des Moines","IA","1600000US1921000","Sioux Falls, SD","Little Rock, AR","Overland Park, KS","Huntsville, AL","North Las Vegas, NV"
"Detroit","MI","1600000US2622000","Fresno, CA","Denver, CO","Las Vegas, NV","Portland (OR), OR","Sacramento, CA"
"Downey","CA","1600000US0619766","Fullerton, CA","West Covina, CA","Pasadena (CA), CA","Burbank, CA","Costa Mesa, CA"
"Durham","NC","1600000US3719000","Huntsville, AL","Fayetteville, NC","Winston-Salem, NC","Port St. Lucie, FL","Grand Prairie, TX"
"El Monte","CA","1600000US0622230","Inglewood, CA","Elizabeth, NJ","Paterson, NJ","Norwalk, CA","Daly City, CA"
"El Paso","TX","1600000US4824000","Albuquerque, NM","Mesa, AZ","Omaha, NE","Atlanta, GA","Raleigh, NC"
"Elgin","IL","1600000US1723074","Sterling Heights, MI","Lansing, MI","Evansville, IN","Carrollton, TX","West Jordan, UT"
"Elizabeth","NJ","1600000US3421000","Paterson, NJ","El Monte, CA","Inglewood, CA","Norwalk, CA","Berkeley, CA"
"Elk Grove","CA","1600000US0622020","Santa Clarita, CA","Hayward, CA","Irvine, CA","Vancouver, WA","Irving, TX"
"Escondido","CA","1600000US0622804","Gresham, OR","Ann Arbor, MI","Hollywood, FL","San Buenaventura, CA","Concord, CA"
"Eugene","OR","1600000US4123850","Spokane, WA","Salem, OR","Vancouver, WA","San Bernardino, CA","Laredo, TX"
"Evansville","IN","1600000US1822000","Lansing, MI","Elgin, IL","Sterling Heights, MI","Waterbury, CT","McAllen, TX"
"Everett","WA","1600000US5322640","Vallejo, CA","Richmond (CA), CA","West Valley City, UT","Visalia, CA","Lakewood, CO"
"Fairfield","CA","1600000US0623182","Antioch, CA","Murrieta, CA","Vallejo, CA","West Jordan, UT","Carrollton, TX"
"Fargo","ND","1600000US3825700","Cedar Rapids, IA","Davenport, IA","Rochester (MN), MN","Peoria (IL), IL","Killeen, TX"
"Fayetteville","NC","1600000US3722920","Winston-Salem, NC","Knoxville, TN","Chattanooga, TN","Mobile, AL","Brownsville, TX"
"Fontana","CA","1600000US0624680","Corona, CA","Santa Rosa, CA","Rancho Cucamonga, CA","Tacoma, WA","Aurora (IL), IL"
"Fort Collins","CO","1600000US0827425","Boise City, ID","Irving, TX","Ontario, CA","Madison, WI","Pasadena (TX), TX"
"Fort Lauderdale","FL","1600000US1224000","Garland, TX","Worcester, MA","Tempe, AZ","Glendale (AZ), AZ","Moreno Valley, CA"
"Fort Wayne","IN","1600000US1825000","Greensboro, NC","Tulsa, OK","New Orleans, LA","Orlando, FL","Lexington-Fayette, KY"
"Fort Worth","TX","1600000US4827000","Indianapolis, IN","Jacksonville, FL","Austin, TX","Charlotte, NC","Columbus (OH), OH"
"Fremont","CA","1600000US0626000","Irvine, CA","Elk Grove, CA","Santa Clarita, CA","Boise City, ID","Irving, TX"
"Fresno","CA","1600000US0627000","Detroit, MI","Sacramento, CA","Las Vegas, NV","Portland (OR), OR","Denver, CO"
"Frisco","TX","1600000US4827684","Olathe, KS","Midland, TX","Denton, TX","Joliet, IL","Thousand Oaks, CA"
"Fullerton","CA","1600000US0628000","Downey, CA","West Covina, CA","Costa Mesa, CA","Pasadena (CA), CA","Burbank, CA"
"Gainesville","FL","1600000US1225175","Palm Bay, FL","Savannah, GA","Columbia (SC), SC","Beaumont, TX","Abilene, TX"
"Garden Grove","CA","1600000US0629000","Pomona, CA","Glendale (CA), CA","Salinas, CA","Modesto, CA","Oxnard, CA"
"Garland","TX","1600000US4829000","Tempe, AZ","Glendale (AZ), AZ","Fort Lauderdale, FL","Moreno Valley, CA","Oceanside, CA"
"Glendale (AZ)","AZ","1600000US0427820","Tempe, AZ","Moreno Valley, CA","Oceanside, CA","Garland, TX","Tacoma, WA"
"Glendale (CA)","CA","1600000US0630000","Pomona, CA","Garden Grove, CA","Salinas, CA","Modesto, CA","Oxnard, CA"
"Grand Prairie","TX","1600000US4830464","Little Rock, AR","Amarillo, TX","Shreveport, LA","Huntsville, AL","Durham, NC"
"Grand Rapids","MI","1600000US2634000","Norfolk, VA","Springfield (MA), MA","Worcester, MA","Garland, TX","Fort Lauderdale, FL"
"Green Bay","WI","1600000US5531000","South Bend, IN","Dayton, OH","Columbia (MO), MO","Kansas City (KS), KS","Waco, TX"
"Greensboro","NC","1600000US3728000","Fort Wayne, IN","Orlando, FL","New Orleans, LA","Tulsa, OK","Lexington-Fayette, KY"
"Gresham","OR","1600000US4131250","Escondido, CA","Ann Arbor, MI","Hollywood, FL","Kent, WA","Concord, CA"
"Hampton","VA","1600000US5135000","Manchester, NH","Waterbury, CT","Stamford, CT","Portland (ME), ME","Mesquite, TX"
"Hartford","CT","1600000US0937000","New Haven, CT","Bridgeport, CT","Allentown, PA","Syracuse, NY","Wilmington (DE), DE"
"Hayward","CA","1600000US0633000","Elk Grove, CA","Santa Clarita, CA","Ontario, CA","Salem, OR","Irving, TX"
"Henderson","NV","1600000US3231900","Bakersfield, CA","Aurora (CO), CO","Wichita, KS","Corpus Christi, TX","Lexington-Fayette, KY"
"Hialeah","FL","1600000US1230000","Bayam<U+0086>n, PR","Carolina, PR","Rochester (NY), NY","Providence, RI","Pomona, CA"
"High Point","NC","1600000US3731400","Columbia (SC), SC","Wilmington (NC), NC","Savannah, GA","South Bend, IN","Waco, TX"
"Hollywood","FL","1600000US1232000","Ann Arbor, MI","Escondido, CA","Gresham, OR","Miramar, FL","Coral Springs, FL"
"Honolulu","HI","1600000US1571550","Anaheim, CA","Minneapolis, MN","St. Paul, MN","Pittsburgh, PA","Buffalo, NY"
"Houston","TX","1600000US4835000","Dallas, TX","Phoenix, AZ","San Antonio, TX","San Diego, CA","Los Angeles, CA"
"Huntington Beach","CA","1600000US0636000","Oxnard, CA","Garden Grove, CA","Pomona, CA","Glendale (CA), CA","Salinas, CA"
"Huntsville","AL","1600000US0137000","Little Rock, AR","Durham, NC","Birmingham, AL","Des Moines, IA","Salt Lake City, UT"
"Independence","MO","1600000US2935000","Kansas City (KS), KS","Topeka, KS","Columbia (MO), MO","Dayton, OH","Palm Bay, FL"
"Indianapolis","IN","1600000US1836003","Fort Worth, TX","Jacksonville, FL","Austin, TX","Charlotte, NC","Columbus (OH), OH"
"Inglewood","CA","1600000US0636546","El Monte, CA","Elizabeth, NJ","Paterson, NJ","Norwalk, CA","Daly City, CA"
"Irvine","CA","1600000US0636770","Santa Clarita, CA","Fremont, CA","Elk Grove, CA","Boise City, ID","Irving, TX"
"Irving","TX","1600000US4837000","Pasadena (TX), TX","Baton Rouge, LA","Laredo, TX","Fort Collins, CO","Ontario, CA"
"Jackson","MS","1600000US2836000","Mobile, AL","Shreveport, LA","Birmingham, AL","Brownsville, TX","Salt Lake City, UT"
"Jacksonville","FL","1600000US1235000","Fort Worth, TX","Indianapolis, IN","Austin, TX","Charlotte, NC","Columbus (OH), OH"
"Jersey City","NJ","1600000US3436000","Anchorage, AK","Aurora (CO), CO","Bakersfield, CA","Corpus Christi, TX","Fort Wayne, IN"
"Joliet","IL","1600000US1738570","Rochester (MN), MN","Peoria (IL), IL","Davenport, IA","Fargo, ND","Midland, TX"
"Kansas City (KS)","KS","1600000US2036000","Independence, MO","Topeka, KS","Columbia (MO), MO","Green Bay, WI","Palm Bay, FL"
"Kansas City (MO)","MO","1600000US2938000","Oklahoma City, OK","Colorado Springs, CO","Memphis, TN","Virginia Beach, VA","Tucson, AZ"
"Kent","WA","1600000US5335415","Concord, CA","San Buenaventura, CA","Coral Springs, FL","Miramar, FL","Gresham, OR"
"Killeen","TX","1600000US4839148","Denton, TX","Norman, OK","Lafayette, LA","Clarksville, TN","Charleston (WV), WV"
"Knoxville","TN","1600000US4740000","Chattanooga, TN","Winston-Salem, NC","Birmingham, AL","Rockford, IL","Lubbock, TX"
"Lafayette","LA","1600000US2240735","Killeen, TX","Denton, TX","Norman, OK","Murfreesboro, TN","Cheyenne, WY"
"Lakewood","CO","1600000US0843000","West Valley City, UT","Arvada, CO","Westminster, CO","Mesquite, TX","Everett, WA"
"Lancaster","CA","1600000US0640130","Palmdale, CA","North Las Vegas, NV","Reno, NV","Salt Lake City, UT","Grand Prairie, TX"
"Lansing","MI","1600000US2646000","Evansville, IN","Sterling Heights, MI","Elgin, IL","Burlington, VT","McAllen, TX"
"Laredo","TX","1600000US4841464","Baton Rouge, LA","San Bernardino, CA","Akron, OH","Richmond (VA), VA","Spokane, WA"
"Las Vegas","NV","1600000US3240000","Sacramento, CA","Denver, CO","Portland (OR), OR","Fresno, CA","Detroit, MI"
"Lexington-Fayette","KY","1600000US2146027","Wichita, KS","Corpus Christi, TX","Aurora (CO), CO","Bakersfield, CA","Fort Wayne, IN"
"Lincoln","NE","1600000US3128000","Arlington, TX","St. Petersburg, FL","Cincinnati, OH","Toledo, OH","Chandler, AZ"
"Little Rock","AR","1600000US0541000","Grand Prairie, TX","Huntsville, AL","Des Moines, IA","Amarillo, TX","Salt Lake City, UT"
"Long Beach","CA","1600000US0643000","Colorado Springs, CO","Kansas City (MO), MO","Memphis, TN","Oklahoma City, OK","Tucson, AZ"
"Los Angeles","CA","1600000US0644000","Dallas, TX","Houston, TX","Phoenix, AZ","San Antonio, TX","San Diego, CA"
"Lowell","MA","1600000US2537000","Hartford, CT","New Haven, CT","Bridgeport, CT","Syracuse, NY","Allentown, PA"
"Lubbock","TX","1600000US4845000","Shreveport, LA","Amarillo, TX","Grand Prairie, TX","Springfield (MO), MO","Knoxville, TN"
"Madison","WI","1600000US5548000","Newport News, VA","Irving, TX","Fort Collins, CO","Pasadena (TX), TX","Boise City, ID"
"Manchester","NH","1600000US3345140","Portland (ME), ME","Hampton, VA","Waterbury, CT","Sterling Heights, MI","Mesquite, TX"
"McAllen","TX","1600000US4845384","Evansville, IN","Provo, UT","Lansing, MI","Waterbury, CT","Burlington, VT"
"McKinney","TX","1600000US4845744","Overland Park, KS","Grand Prairie, TX","Little Rock, AR","Scottsdale, AZ","Chesapeake, VA"
"Memphis","TN","1600000US4748000","Tucson, AZ","Kansas City (MO), MO","Oklahoma City, OK","Colorado Springs, CO","Virginia Beach, VA"
"Mesa","AZ","1600000US0446000","Albuquerque, NM","Omaha, NE","Atlanta, GA","Raleigh, NC","El Paso, TX"
"Mesquite","TX","1600000US4847892","Lakewood, CO","West Valley City, UT","Hampton, VA","Visalia, CA","Vallejo, CA"
"Miami","FL","1600000US1245000","Colorado Springs, CO","Kansas City (MO), MO","Memphis, TN","Oklahoma City, OK","Tucson, AZ"
"Miami Gardens","FL","1600000US1245060","Wilmington (DE), DE","Allentown, PA","Bridgeport, CT","New Haven, CT","Hartford, CT"
"Midland","TX","1600000US4848072","Killeen, TX","Denton, TX","Norman, OK","Rochester (MN), MN","Joliet, IL"
"Milwaukee","WI","1600000US5553000","Colorado Springs, CO","Kansas City (MO), MO","Memphis, TN","Oklahoma City, OK","Tucson, AZ"
"Minneapolis","MN","1600000US2743000","St. Paul, MN","Buffalo, NY","Pittsburgh, PA","Anaheim, CA","San Juan, PR"
"Miramar","FL","1600000US1245975","Coral Springs, FL","San Buenaventura, CA","Concord, CA","Kent, WA","Hollywood, FL"
"Mobile","AL","1600000US0150000","Montgomery, AL","Jackson, MS","Birmingham, AL","Springfield (MO), MO","Sioux Falls, SD"
"Modesto","CA","1600000US0648354","Salinas, CA","Glendale (CA), CA","Pomona, CA","Garden Grove, CA","Oxnard, CA"
"Montgomery","AL","1600000US0151000","Columbus (GA), GA","Birmingham, AL","Mobile, AL","Springfield (MO), MO","Salt Lake City, UT"
"Moreno Valley","CA","1600000US0649270","Oceanside, CA","Glendale (AZ), AZ","Tempe, AZ","Tacoma, WA","Garland, TX"
"Murfreesboro","TN","1600000US4751560","Clarksville, TN","Charleston (WV), WV","Springfield (IL), IL","Lafayette, LA","Cheyenne, WY"
"Murrieta","CA","1600000US0650076","Antioch, CA","Fairfield, CA","Temecula, CA","West Jordan, UT","Carrollton, TX"
"Naperville","IL","1600000US1751622","Elgin, IL","Sterling Heights, MI","Lansing, MI","Centennial, CO","Carlsbad, CA"
"New Haven","CT","1600000US0952000","Bridgeport, CT","Hartford, CT","Allentown, PA","Wilmington (DE), DE","Syracuse, NY"
"New Orleans","LA","1600000US2255000","Orlando, FL","Tulsa, OK","Greensboro, NC","Fort Wayne, IN","Corpus Christi, TX"
"New York","NY","1600000US3651000","Dallas, TX","Houston, TX","Phoenix, AZ","San Antonio, TX","San Diego, CA"
"Newark","NJ","1600000US3451000","Anchorage, AK","Aurora (CO), CO","Bakersfield, CA","Corpus Christi, TX","Fort Wayne, IN"
"Newport News","VA","1600000US5156000","Madison, WI","Irving, TX","Pasadena (TX), TX","Fort Collins, CO","Boise City, ID"
"Norfolk","VA","1600000US5157000","Springfield (MA), MA","Grand Rapids, MI","Worcester, MA","Fort Lauderdale, FL","Garland, TX"
"Norman","OK","1600000US4052500","Denton, TX","Killeen, TX","Lafayette, LA","Springfield (IL), IL","Charleston (SC), SC"
"North Las Vegas","NV","1600000US3251800","Lancaster, CA","Palmdale, CA","Reno, NV","Amarillo, TX","Grand Prairie, TX"
"Norwalk","CA","1600000US0652526","El Monte, CA","Inglewood, CA","Daly City, CA","Berkeley, CA","Elizabeth, NJ"
"Oakland","CA","1600000US0653000","Colorado Springs, CO","Kansas City (MO), MO","Memphis, TN","Oklahoma City, OK","Tucson, AZ"
"Oceanside","CA","1600000US0653322","Moreno Valley, CA","Glendale (AZ), AZ","Tempe, AZ","Tacoma, WA","Garland, TX"
"Oklahoma City","OK","1600000US4055000","Kansas City (MO), MO","Colorado Springs, CO","Memphis, TN","Tucson, AZ","Virginia Beach, VA"
"Olathe","KS","1600000US2052575","Rochester (MN), MN","Joliet, IL","Cedar Rapids, IA","Midland, TX","Thousand Oaks, CA"
"Omaha","NE","1600000US3137000","Albuquerque, NM","Atlanta, GA","Raleigh, NC","Mesa, AZ","El Paso, TX"
"Ontario","CA","1600000US0653896","San Bernardino, CA","Hayward, CA","Santa Clarita, CA","Boise City, ID","Irving, TX"
"Orange","CA","1600000US0653980","Torrance, CA","Alexandria, VA","Fullerton, CA","Costa Mesa, CA","Downey, CA"
"Orlando","FL","1600000US1253000","New Orleans, LA","Greensboro, NC","Fort Wayne, IN","Tulsa, OK","Lexington-Fayette, KY"
"Overland Park","KS","1600000US2053775","Des Moines, IA","Little Rock, AR","Sioux Falls, SD","Huntsville, AL","Chesapeake, VA"
"Oxnard","CA","1600000US0654652","Glendale (CA), CA","Garden Grove, CA","Huntington Beach, CA","Pomona, CA","Salinas, CA"
"Palm Bay","FL","1600000US1254000","Gainesville, FL","Savannah, GA","Columbia (SC), SC","High Point, NC","South Bend, IN"
"Palmdale","CA","1600000US0655156","Lancaster, CA","North Las Vegas, NV","Reno, NV","Salt Lake City, UT","Grand Prairie, TX"
"Pasadena (CA)","CA","1600000US0656000","Burbank, CA","West Covina, CA","Downey, CA","Fullerton, CA","Costa Mesa, CA"
"Pasadena (TX)","TX","1600000US4856000","Irving, TX","Baton Rouge, LA","Laredo, TX","Fort Collins, CO","Newport News, VA"
"Paterson","NJ","1600000US3457000","Elizabeth, NJ","El Monte, CA","Inglewood, CA","Norwalk, CA","Berkeley, CA"
"Pembroke Pines","FL","1600000US1255775","Aurora (IL), IL","Fontana, CA","Corona, CA","Santa Rosa, CA","Fort Lauderdale, FL"
"Peoria (AZ)","AZ","1600000US0454050","Scottsdale, AZ","North Las Vegas, NV","Palmdale, CA","Reno, NV","Overland Park, KS"
"Peoria (IL)","IL","1600000US1759000","Springfield (IL), IL","Davenport, IA","Cedar Rapids, IA","Fargo, ND","Billings, MT"
"Philadelphia","PA","1600000US4260000","Dallas, TX","Houston, TX","Phoenix, AZ","San Antonio, TX","San Diego, CA"
"Phoenix","AZ","1600000US0455000","Dallas, TX","Houston, TX","San Antonio, TX","San Diego, CA","Los Angeles, CA"
"Pittsburgh","PA","1600000US4261000","Buffalo, NY","San Juan, PR","St. Paul, MN","Minneapolis, MN","Anaheim, CA"
"Plano","TX","1600000US4858016","Chandler, AZ","Arlington, TX","Lincoln, NE","St. Petersburg, FL","Cincinnati, OH"
"Pomona","CA","1600000US0658072","Garden Grove, CA","Glendale (CA), CA","Salinas, CA","Modesto, CA","Oxnard, CA"
"Ponce","PR","1600000US7263820","Palm Bay, FL","Gainesville, FL","Wilmington (NC), NC","Savannah, GA","Columbia (SC), SC"
"Port St. Lucie","FL","1600000US1258715","Cape Coral, FL","Tallahassee, FL","Columbus (GA), GA","Durham, NC","Grand Prairie, TX"
"Portland (ME)","ME","1600000US2360545","Manchester, NH","Burlington, VT","Waterbury, CT","Hampton, VA","Mesquite, TX"
"Portland (OR)","OR","1600000US4159000","Sacramento, CA","Las Vegas, NV","Denver, CO","Fresno, CA","Detroit, MI"
"Providence","RI","1600000US4459000","Rochester (NY), NY","Hialeah, FL","Bayam<U+0086>n, PR","Carolina, PR","Pomona, CA"
"Provo","UT","1600000US4962470","West Valley City, UT","Lakewood, CO","Visalia, CA","Vallejo, CA","McAllen, TX"
"Pueblo","CO","1600000US0862000","Wichita Falls, TX","Topeka, KS","Abilene, TX","Kansas City (KS), KS","Dayton, OH"
"Raleigh","NC","1600000US3755000","Atlanta, GA","Omaha, NE","Albuquerque, NM","Mesa, AZ","El Paso, TX"
"Rancho Cucamonga","CA","1600000US0659451","Fontana, CA","Corona, CA","Santa Rosa, CA","Tacoma, WA","Aurora (IL), IL"
"Reno","NV","1600000US3260600","North Las Vegas, NV","Lancaster, CA","Palmdale, CA","Peoria (AZ), AZ","Amarillo, TX"
"Richmond (CA)","CA","1600000US0660620","Vallejo, CA","Visalia, CA","Fairfield, CA","West Valley City, UT","Mesquite, TX"
"Richmond (VA)","VA","1600000US5167000","Akron, OH","Baton Rouge, LA","Laredo, TX","Spokane, WA","San Bernardino, CA"
"Riverside","CA","1600000US0662000","Anchorage, AK","Aurora (CO), CO","Bakersfield, CA","Corpus Christi, TX","Fort Wayne, IN"
"Rochester (MN)","MN","1600000US2754880","Joliet, IL","Cedar Rapids, IA","Davenport, IA","Midland, TX","Charleston (SC), SC"
"Rochester (NY)","NY","1600000US3663000","Providence, RI","Hialeah, FL","Bayam<U+0086>n, PR","Carolina, PR","Pomona, CA"
"Rockford","IL","1600000US1765000","Springfield (MO), MO","Des Moines, IA","Sioux Falls, SD","Knoxville, TN","Brownsville, TX"
"Roseville","CA","1600000US0662938","Temecula, CA","Fairfield, CA","Antioch, CA","West Jordan, UT","Stamford, CT"
"Sacramento","CA","1600000US0664000","Las Vegas, NV","Portland (OR), OR","Denver, CO","Fresno, CA","Detroit, MI"
"Salem","OR","1600000US4164900","Vancouver, WA","Boise City, ID","Eugene, OR","Ontario, CA","Irving, TX"
"Salinas","CA","1600000US0664224","Modesto, CA","Glendale (CA), CA","Pomona, CA","Garden Grove, CA","Oxnard, CA"
"Salt Lake City","UT","1600000US4967000","North Las Vegas, NV","Reno, NV","Peoria (AZ), AZ","Lancaster, CA","Little Rock, AR"
"San Antonio","TX","1600000US4865000","Dallas, TX","Houston, TX","Phoenix, AZ","San Diego, CA","Los Angeles, CA"
"San Bernardino","CA","1600000US0665000","Ontario, CA","Hayward, CA","Santa Clarita, CA","Eugene, OR","Laredo, TX"
"San Buenaventura","CA","1600000US0665042","Concord, CA","Kent, WA","Coral Springs, FL","Miramar, FL","Escondido, CA"
"San Diego","CA","1600000US0666000","Dallas, TX","Houston, TX","Phoenix, AZ","San Antonio, TX","Los Angeles, CA"
"San Francisco","CA","1600000US0667000","Fort Worth, TX","Indianapolis, IN","Jacksonville, FL","Austin, TX","Charlotte, NC"
"San Jose","CA","1600000US0668000","Dallas, TX","Houston, TX","Phoenix, AZ","San Antonio, TX","San Diego, CA"
"San Juan","PR","1600000US7276770","Pittsburgh, PA","Buffalo, NY","St. Paul, MN","Minneapolis, MN","Anaheim, CA"
"Santa Ana","CA","1600000US0669000","Anchorage, AK","Aurora (CO), CO","Bakersfield, CA","Corpus Christi, TX","Fort Wayne, IN"
"Santa Clara","CA","1600000US0669084","Sunnyvale, CA","Torrance, CA","Orange, CA","Alexandria, VA","Burbank, CA"
"Santa Clarita","CA","1600000US0669088","Elk Grove, CA","Irvine, CA","Hayward, CA","Boise City, ID","Irving, TX"
"Santa Rosa","CA","1600000US0670098","Fontana, CA","Corona, CA","Rancho Cucamonga, CA","Tacoma, WA","Aurora (IL), IL"
"Savannah","GA","1600000US1369000","Columbia (SC), SC","Gainesville, FL","Wilmington (NC), NC","Dayton, OH","Wichita Falls, TX"
"Scottsdale","AZ","1600000US0465000","Peoria (AZ), AZ","North Las Vegas, NV","Palmdale, CA","Amarillo, TX","Overland Park, KS"
"Seattle","WA","1600000US5363000","Colorado Springs, CO","Kansas City (MO), MO","Memphis, TN","Oklahoma City, OK","Tucson, AZ"
"Shreveport","LA","1600000US2270000","Jackson, MS","Springfield (MO), MO","Mobile, AL","Brownsville, TX","Salt Lake City, UT"
"Simi Valley","CA","1600000US0672016","Carlsbad, CA","Temecula, CA","Roseville, CA","Centennial, CO","Naperville, IL"
"Sioux Falls","SD","1600000US4659020","Des Moines, IA","Overland Park, KS","Rockford, IL","Amarillo, TX","Durham, NC"
"South Bend","IN","1600000US1871000","Dayton, OH","Green Bay, WI","Columbia (MO), MO","High Point, NC","Palm Bay, FL"
"Spokane","WA","1600000US5367000","Eugene, OR","Vancouver, WA","Boise City, ID","San Bernardino, CA","Laredo, TX"
"Springfield (IL)","IL","1600000US1772000","Peoria (IL), IL","Davenport, IA","Cedar Rapids, IA","Norman, OK","Billings, MT"
"Springfield (MA)","MA","1600000US2567000","Norfolk, VA","Grand Rapids, MI","Worcester, MA","Fort Lauderdale, FL","Garland, TX"
"Springfield (MO)","MO","1600000US2970000","Shreveport, LA","Jackson, MS","Rockford, IL","Montgomery, AL","Port St. Lucie, FL"
"St. Louis","MO","1600000US2965000","Anchorage, AK","Aurora (CO), CO","Bakersfield, CA","Corpus Christi, TX","Fort Wayne, IN"
"St. Paul","MN","1600000US2758000","Minneapolis, MN","Buffalo, NY","Pittsburgh, PA","Anaheim, CA","San Juan, PR"
"St. Petersburg","FL","1600000US1263000","Arlington, TX","Lincoln, NE","Tampa, FL","Cincinnati, OH","Toledo, OH"
"Stamford","CT","1600000US0973000","Sterling Heights, MI","Manchester, NH","Portland (ME), ME","Elgin, IL","Temecula, CA"
"Sterling Heights","MI","1600000US2676460","Elgin, IL","Stamford, CT","Lansing, MI","Hampton, VA","Carrollton, TX"
"Stockton","CA","1600000US0675000","Anchorage, AK","Aurora (CO), CO","Bakersfield, CA","Corpus Christi, TX","Fort Wayne, IN"
"Sunnyvale","CA","1600000US0677000","Santa Clara, CA","Torrance, CA","Orange, CA","Alexandria, VA","Burbank, CA"
"Surprise","AZ","1600000US0471510","Victorville, CA","Cheyenne, WY","Billings, MT","Norman, OK","Killeen, TX"
"Syracuse","NY","1600000US3673000","Allentown, PA","Bridgeport, CT","Hartford, CT","New Haven, CT","Wilmington (DE), DE"
"Tacoma","WA","1600000US5370000","Moreno Valley, CA","Oceanside, CA","Glendale (AZ), AZ","Tempe, AZ","Garland, TX"
"Tallahassee","FL","1600000US1270600","Columbus (GA), GA","Montgomery, AL","Mobile, AL","Shreveport, LA","Lubbock, TX"
"Tampa","FL","1600000US1271000","Cincinnati, OH","Toledo, OH","St. Petersburg, FL","Arlington, TX","Lincoln, NE"
"Temecula","CA","1600000US0678120","Roseville, CA","Murrieta, CA","Carlsbad, CA","West Jordan, UT","Stamford, CT"
"Tempe","AZ","1600000US0473000","Glendale (AZ), AZ","Moreno Valley, CA","Oceanside, CA","Garland, TX","Tacoma, WA"
"Thornton","CO","1600000US0877290","Westminster, CO","Arvada, CO","West Jordan, UT","Carrollton, TX","Sterling Heights, MI"
"Thousand Oaks","CA","1600000US0678582","Frisco, TX","Olathe, KS","Midland, TX","Rochester (MN), MN","Joliet, IL"
"Toledo","OH","1600000US3977000","Cincinnati, OH","Tampa, FL","Lincoln, NE","St. Petersburg, FL","Arlington, TX"
"Topeka","KS","1600000US2071000","Kansas City (KS), KS","Independence, MO","Columbia (MO), MO","Abilene, TX","Wilmington (NC), NC"
"Torrance","CA","1600000US0680000","Orange, CA","Alexandria, VA","Downey, CA","Fullerton, CA","Burbank, CA"
"Tucson","AZ","1600000US0477000","Memphis, TN","Colorado Springs, CO","Oklahoma City, OK","Kansas City (MO), MO","Virginia Beach, VA"
"Tulsa","OK","1600000US4075000","New Orleans, LA","Fort Wayne, IN","Greensboro, NC","Orlando, FL","Wichita, KS"
"Vallejo","CA","1600000US0681666","Richmond (CA), CA","Visalia, CA","Fairfield, CA","West Valley City, UT","Mesquite, TX"
"Vancouver","WA","1600000US5374060","Salem, OR","Boise City, ID","Eugene, OR","Ontario, CA","Irving, TX"
"Victorville","CA","1600000US0682590","Surprise, AZ","Cheyenne, WY","Billings, MT","Norman, OK","Denton, TX"
"Virginia Beach","VA","1600000US5182000","Kansas City (MO), MO","Oklahoma City, OK","Colorado Springs, CO","Memphis, TN","Tucson, AZ"
"Visalia","CA","1600000US0682954","Richmond (CA), CA","Vallejo, CA","West Valley City, UT","Lakewood, CO","Mesquite, TX"
"Waco","TX","1600000US4876000","Abilene, TX","Wichita Falls, TX","Beaumont, TX","Topeka, KS","Palm Bay, FL"
"Warren","MI","1600000US2684000","Clearwater, FL","Ann Arbor, MI","Hollywood, FL","Escondido, CA","Gresham, OR"
"Washington","DC","1600000US1150000","Colorado Springs, CO","Kansas City (MO), MO","Memphis, TN","Oklahoma City, OK","Tucson, AZ"
"Waterbury","CT","1600000US0980000","Burlington, VT","Manchester, NH","Portland (ME), ME","Lansing, MI","McAllen, TX"
"West Covina","CA","1600000US0684200","Fullerton, CA","Pasadena (CA), CA","Downey, CA","Burbank, CA","Costa Mesa, CA"
"West Jordan","UT","1600000US4982950","Arvada, CO","Westminster, CO","Thornton, CO","Antioch, CA","Elgin, IL"
"West Palm Beach","FL","1600000US1276600","Charleston (SC), SC","Palm Bay, FL","Gainesville, FL","Murfreesboro, TN","Springfield (IL), IL"
"West Valley City","UT","1600000US4983470","Lakewood, CO","Visalia, CA","West Jordan, UT","Vallejo, CA","Mesquite, TX"
"Westminster","CO","1600000US0883835","Arvada, CO","Thornton, CO","West Jordan, UT","Carrollton, TX","Sterling Heights, MI"
"Wichita","KS","1600000US2079000","Aurora (CO), CO","Corpus Christi, TX","Lexington-Fayette, KY","Bakersfield, CA","Tulsa, OK"
"Wichita Falls","TX","1600000US4879000","Abilene, TX","Waco, TX","Beaumont, TX","South Bend, IN","Savannah, GA"
"Wilmington (DE)","DE","1600000US1077580","Allentown, PA","Bridgeport, CT","New Haven, CT","Miami Gardens, FL","West Covina, CA"
"Wilmington (NC)","NC","1600000US3774440","Columbia (SC), SC","High Point, NC","Savannah, GA","Dayton, OH","Topeka, KS"
"Winston-Salem","NC","1600000US3775000","Fayetteville, NC","Knoxville, TN","Chattanooga, TN","Mobile, AL","Lubbock, TX"
"Worcester","MA","1600000US2582000","Fort Lauderdale, FL","Garland, TX","Tempe, AZ","Glendale (AZ), AZ","Tacoma, WA"
"Yonkers","NY","1600000US3684000","Amarillo, TX","Birmingham, AL","Brownsville, TX","Cape Coral, FL","Chattanooga, TN"
